oligo,bc_sequence,oligo_id
CD3-IH,ATCACG,BC1
CD19-IH,CGATGT,BC2
CD4-IH,TGACCA,BC4
CD8-IH,GCCAAT,BC6
FITC-IH,CACGAT,BC31
PE-IH,CACTCA,BC32
APC-IH,CAGGCG,BC33
CD16-IH,TTAGGC,BC3
CD14-IH,AGTCAA,BC13
CD123-IH,GTGGCC,BC20
HLADR-IH,GTTTCG,BC21
CD66b-IH,CAGATC,BC7
CD56-IH,CTTGTA,BC12
CD24-IH,ATGTCA,BC15
CD62L-IH,ATGAGC,BC26
CD11b-IH,ATTCCT,BC27
CD1c-IH,CAACTA,BC29
CD141-IH,CACCGG,BC30
CD33-IH,ACTTGA,BC8
CD11c-IH,TAGCTT,BC10
CD64-IH,GAGTGG,BC23
CD206-IH,ACTGAT,BC25
CD38-IH,GTAGAG,BC17
CD27-IH,GGTAGC,BC24
CD45RA-IH,ACAGTG,BC5
CCR7-IH,GATCAG,BC9
CD34-IH,GGCTAC,BC11
CD10-IH,AGTTCC,BC14
CD5-IH,CCGTCC,BC16
CD28-IH,GTCCGC,BC18
CD57-IH,CGTACG,BC22
Biotin-IH,CATGGC,BC34
CD11c-IHM,CATTTT,BC35
I-A/I-E-IHM,CCAACA,BC36
IgG4,CGGAAT,BC37
,CTAGCT,BC38
,CTATAC,BC39
,CTCAGA,BC40
,GACGAC,BC41
,TAATCG,BC42
,TACAGC,BC43
,TATAAT,BC44
,TCATTC,BC45
,TCCCGA,BC46
,TCGAAG,BC47
,TCGGCA,BC48
CD86,GTCTTTGTCAGTGCA,A0006
CD274_PD-L1,GTTGTCCGACAATAC,A0007
CD26,TTCCTGCACGAGGAT,A0018
CD40,CTCAGATGGAGTATG,A0031
CD3,CTCATTGTAACTCCT,A0034
CD4,GAGGTTAGTGATGGA,A0045
CD8,GCGCAACTTGATGAT,A0046
CD45,TCCCTTGCGATTTAC,A0048
CD19,CTGGGCAATTACTCG,A0050
CD14,CAATCAGACCTATGA,A0051
CD33,TAACTCAGGGCCTAT,A0052
CD11c,TACGCCTATAACTTG,A0053
CD138,ACTCTTTCGTTTACG,A0055
CD38,ATCCTTTGCCGTGTT,A0059
CD117,AGACTAATAGCTGAC,A0061
CD10,CAGCCATTCATTAGG,A0062
CD45RA,TCAATCCTTCCGCTT,A0063
CD123,CTTCACTCTGTCAGG,A0064
CD127,GGCACCCATGTCTTT,A0065
CD194_CCR4,AGCTTACCTGCACGA,A0071
CD16,AAGTTCACTCTTTGC,A0083
CD56,TTCGCCGCATTGAGT,A0084
CD25,TTTGTCCTGTACGCC,A0085
CD279_PD-1,ACAGCGCCGTATTTA,A0088
CD20,TTCTGGGTCCCTAGA,A0100
FceRIa,AGTCACCTCGAAGCT,A0115
IgD,CGTCACCTCTGTATC,A0137
CD183_CXCR3,GCGATGGTAGATTAT,A0140
CD195_CCR5,CCAAAGTAAGAGCCA,A0141
CD196_CCR6,GATCCCTTTGTCACT,A0143
CD185_CXCR5,AATTCAACCGTCGCC,A0144
CD103,GACCTCATTGTGAAT,A0145
CD69,GTCTCTTGGCTTAAA,A0146
CD62L,GTCCCTGCAACTTGA,A0147
CD197_CCR7,AGTTCAGTCAACCGA,A0148
CD161,GTACGCAGTCCTTCT,A0149
CD28,ATTCTGTCTTTCCCA,A0150
CD27,GCACTCCTGCATGTA,A0154
HLA-DR,AATAGCGAGCAAGTA,A0159
CD1c,GAGCTACTTCACTCG,A0160
CD11b,GACAAGTGATCTGCA,A0161
CD141,GGATAACCGCGCTTT,A0163
CD66b,AGCTGTAAGTTTCGG,A0166
CD57,AACTCCCTATGGAGG,A0168
CD278_ICOS,CGCGCACCCATTAAA,A0171
CD24,AGATTCCTTCGTGTT,A0180
CD206,TCAGAACGTCTAACT,A0205
CD169,TACTCAGCGTGTTTG,A0206
CD370,CTGCATTTCAGTAAG,A0207
CD314_NKG2D,CGTGTTTGTTCCTCA,A0165
TIGIT_VSTM3,TTGCTTACCGCCAGA,A0089
CD273_PD-L2,TCAACGCTTGGCTAG,A0008
CD5,CATTAACGGGATGCC,A0138
XCR1,AAGACGCATGTCAAC,A0208
CD163,GCTTCTCCTTCCTTA,A0358
Annexin,GCAGCGTATAAGTCA,A0025
CD58,GTTCCTATGGACGAC,A0174
TCR_gamma_delta,CTTCCGATTCATTCA,A0139
CD272_BTLA,GTTATTGGACTAAGG,A0170
CD29,GTATTCCCTCAGTCA,A0369
CD254,TCCGTGTTAGTTTGT,A0356
CD146,CCTTGGATAACATCA,A0134
CD140a_PDGFRalpha,ATGCGCCGAGAATTA,A0128
CD140b_PDGFRbeta,CAATGGTTCACTGCC,A0129
CD90_Thy1,GCATTGTACGATTCA,A0060
CD105,ATCGTCGAGAGCTAG,A0068
CD326_Ep-CAM,TTCCGAGCAAGTATC,A0123
CD44,AATCCTTCCGAATGT,A0125
CD31,ACCTTTATGCCACGG,A0124
Annexin_V,GCAGCGTATAAGTCA,A0025
CD134_OX40,AACCCACCGTTGTTA,A0158
CD223_LAG-3,CATTTGTCTGCCGGT,A0152
CD152_CTLA-4,ATGGTTCACGTAATC,A0151
HLA-ABC,TATGCGAGGCTTATC,A0058
CD39,TTACCTGGTATCCGT,A0176
CD244_2B4,TCGCTTGGATGGTAG,A0189
CD226_DNAM-1,TCTCAGTGTTTGTGG,A0368
CD115_CSF-1R,AATCACGGTCCTTGT,A0398
CD34,GCAGAAATCTCCCTT,A0054
CD138_Syndecan-1,ACTCTTTCGTTTACG,A0055
Podoplanin,GGTTACTCGTTGTGT,A0127
Cadherin 11,CGTTGCCATTAACCA,A0579
CD54,CTGATAGACTTGAGT,A0217
CD9,GAGTCACCAATCTGC,A0579
ProteinC_Tag-IH,CTAGCT,BC38
E_Tag-IH,CTATAC,BC39
AU1_tag-IH,CTCAGA,BC40
AU5_tag-IH,GACGAC,BC41
FLAG_tag-IH,TAATCG,BC42
NWS_tag-IH,TACAGC,BC43
HA_tag-IH,TATAAT,BC44
Ollas_tag-IH,TCATTC,BC45
NGFR_(hCD271)-IH,TCCCGA,BC46
S_tag-IH,TCGAAG,BC47
VSVg_tag-IH,TCGGCA,BC48
CD45RA-IH,ACAGTG,BC5
CCR7-IH,GATCAG,BC9
FAP-IH,TCGGCA,BC48
V5_tag-IH,CATTTT,BC35
HSV_tag-IH,CCAACA,BC36
5APC-IH,CAGGCG,5'BC33
5PE-IH,CACTCA,5'BC32
5FITC-IH,CACGAT,5'BC31
5Biotin-IH,CATGGC,5'BC34
5IgG4-IH,CATTTT,5'BC35
IgG4-IH,CGGAAT,BC37
HTO_Mouse_A20,ACCCACCAGTAAGAC,A0301
5CD36,TTCTTTGCCTTGCCA,C0407
5CD38,TGTACCCGCTTGTGA,C0389
5CD39,TTACCTGGTATCCGT,C0176
5CD4,TGTTCCCGCTCAACT,C0072
5CD40,CTCAGATGGAGTATG,C0031
5CD44 ,AATCCTTCCGAATGT,C0125
5CD45,TGCAATTACCCGGAT,C0391
5CD45RA,TCAATCCTTCCGCTT,C0063
5CD45RO,CTCCGAATCATGTTG,C0087
5CD49f,TTCCGAGGATGATCT,C0070
5CD56_NCAM_Recombinant_,TTCGCCGCATTGAGT,C0084
5CD62L,GTCCCTGCAACTTGA,C0147
5CD69,GTCTCTTGGCTTAAA,C0146
5CD73_Ecto-5p-nucleotidase,CAGTTCCTCAGTTCG,C0577
5CD8,GCGCAACTTGATGAT,C0046
5CD80,ACGAATCAATCTGTG,C0005
5CD86,GTCTTTGTCAGTGCA,C0006
5CD8a,GCTGCGCTTTCCATT,C0080
5HLA-DR,AATAGCGAGCAAGTA,C0159
5KLRG1_MAFA,GTAGTAGGCTAGACC,C0250
5Podoplanin,GGTTACTCGTTGTGT,C0127
5TCR_alpha_beta,CGTAACGTAGAGCGA,C0224
5TIGIT_VSTM3,TTGCTTACCGCCAGA,C0089
HTO_1,AGGACCATCCAA,
HTO_2,ACATGTTACCGT,
HTO_3,AGCTTACTATCC,
HTO_4,TCGATAATGCGA,
HTO_5,GAGGCTGAGCTA,
HTO_6,GTGTGACGTATT,
HTO_7,ACTGTCTAACGG,
HTO_8,TATCACATCGGT,
HTO_9,CACATAATGACG,
HTO_10,TAACGACGTGGT,
HTO_5p_1,GTCAACTCTTTAGCG,
HTO_5p_2,TGATGGCCTATTGGG,
HTO_5p_3,TTCCGCCTCTCTTTG,
HTO_5p_4,AGTAAGTTCAGCGTA,
HTO_5p_5,AAGTATCGTTTCGCA,
HTO_5p_6,GGTTGCCAGATGTCA,
HTO_5p_7,TGTCTTTCCTGCCAG,
HTO_5p_8,CTCCTCTGCAATTAC,
HTO_5p_9,CAGTAGTCACGGTCA,
HTO_5p_10,ATTGACCCGCGTTAG,
HTO_251,GTCAACTCTTTAGCG,
HTO_252,TGATGGCCTATTGGG,
